ticker,company_name,signal_date,cluster_start,cluster_end,total_usd,unique_insiders,opportunistic_count,routine_insiders,insider_details,insider_vwap,market_cap_m,mcap_band,price,high_52w,low_52w,drawdown_52w_pct,near_52w_low,pre_cluster_close,pre_cluster_crash_pct,cmp_reliable,shares_approximate,entry_price,outcome_7d,outcome_10d,outcome_30d,outcome_60d,outcome_90d,outcome_180d,outcome_7d_date,outcome_10d_date,outcome_30d_date,outcome_60d_date,outcome_90d_date,outcome_180d_date,iwm_7d,iwm_10d,iwm_30d,iwm_60d,iwm_90d,iwm_180d,alpha_7d,alpha_10d,alpha_30d,alpha_60d,alpha_90d,alpha_180d,delisted_or_acquired,notes
RILY,"BRC Group Holdings, Inc.",2023-01-09,2022-12-14,2023-01-09,8583730,3,3,,"[{""name"": ""Riley Bryant R"", ""role"": ""COB, Co-CEO, 10%"", ""date"": ""2022-12-14"", ""price"": 41.31, ""value"": 2624145.0}, {""name"": ""Sheldon Michael Joseph"", ""role"": ""Dir"", ""date"": ""2022-12-16"", ""price"": 39.86, ""value"": 399627.0}, {""name"": ""Riley Bryant R"", ""role"": ""COB, Co-CEO, 10%"", ""date"": ""2022-12-16"", ""price"": 40.13, ""value"": 4815612.0}, {""name"": ""Paulson Randall E"", ""role"": ""Dir"", ""date"": ""2023-01-09"", ""price"": 37.22, ""value"": 744346.0}]",40.2,904.0,$500M-$3B,31.77884864807129,68.35873413085938,27.21218681335449,-53.5,False,39.23061752319336,2.5,True,False,32.308074951171875,8.3,3.59,4.62,-13.09,-30.13,29.5,2023-01-17,2023-01-19,2023-02-08,2023-03-10,2023-04-10,2023-07-10,3.4957,0.8476,6.7642,-2.3988,-2.2777,4.7507,4.8043,2.7424,-2.1442,-10.6912,-27.8523,24.7493,False,
TFIN,"Triumph Financial, Inc.",2023-01-30,2023-01-30,2023-01-30,3599371,5,5,,"[{""name"": ""Barnes Harrison B."", ""role"": ""Dir"", ""date"": ""2023-01-30"", ""price"": 54.79, ""value"": 214837.0}, {""name"": ""Sepulveda Carlos M"", ""role"": ""Dir"", ""date"": ""2023-01-30"", ""price"": 54.47, ""value"": 2560090.0}, {""name"": ""Easley Laura"", ""role"": ""Dir"", ""date"": ""2023-01-30"", ""price"": 53.19, ""value"": 100795.0}, {""name"": ""Sparks C Todd"", ""role"": ""Dir"", ""date"": ""2023-01-30"", ""price"": 55.08, ""value"": 523300.0}, {""name"": ""Anderson Charles A"", ""role"": ""Dir"", ""date"": ""2023-01-30"", ""price"": 54.89, ""value"": 200349.0}]",54.56,1314.3,$500M-$3B,54.63999938964844,100.56999969482422,45.9900016784668,-45.7,False,53.97999954223633,1.1,True,False,55.72999954223633,13.17,12.49,8.09,4.18,-8.04,27.24,2023-02-06,2023-02-09,2023-03-01,2023-03-31,2023-05-01,2023-07-31,1.3892,-0.8095,-1.5981,-6.4872,-8.1122,4.4472,11.7808,13.2995,9.6881,10.6672,0.0722,22.7928,False,
RILY,"BRC Group Holdings, Inc.",2023-02-08,2023-01-09,2023-02-08,6980062,3,3,,"[{""name"": ""Paulson Randall E"", ""role"": ""Dir"", ""date"": ""2023-01-09"", ""price"": 37.22, ""value"": 744346.0}, {""name"": ""Riley Bryant R"", ""role"": ""COB, Co-CEO, 10%"", ""date"": ""2023-02-08"", ""price"": 40.18, ""value"": 5460788.0}, {""name"": ""Moore Andrew"", ""role"": ""CEO B. Riley Securities, Inc."", ""date"": ""2023-02-08"", ""price"": 38.75, ""value"": 774928.0}]",39.68,961.6,$500M-$3B,33.80183792114258,57.968143463134766,27.21218490600586,-41.7,False,30.882587432861328,28.5,True,False,33.74208450317383,14.17,2.78,-16.78,-33.1,1.69,47.88,2023-02-15,2023-02-21,2023-03-10,2023-04-10,2023-05-09,2023-08-07,2.3851,-1.3163,-7.2395,-7.1245,-8.2976,2.9627,11.7849,4.0963,-9.5405,-25.9755,9.9876,44.9173,False,
MLYS,"Mineralys Therapeutics, Inc.",2023-02-14,2023-02-14,2023-02-14,19100000,3,3,,"[{""name"": ""Levy Adam Scott"", ""role"": ""CFO, Chief Bus. Officer, Secy."", ""date"": ""2023-02-14"", ""price"": 16.0, ""value"": 100000.0}, {""name"": ""Akkaraju Srinivas"", ""role"": ""Dir, 10%"", ""date"": ""2023-02-14"", ""price"": 16.0, ""value"": 15000000.0}, {""name"": ""Slingsby Brian Taylor"", ""role"": ""Dir, 10%"", ""date"": ""2023-02-14"", ""price"": 16.0, ""value"": 4000000.0}]",16.0,703.4,$500M-$3B,18.010000228881836,,,,False,18.540000915527344,-13.7,True,False,18.030000686645508,0.11,-0.72,-14.7,-24.85,-10.21,-26.51,2023-02-21,2023-02-24,2023-03-16,2023-04-17,2023-05-15,2023-08-14,-3.6152,-3.574,-9.5033,-7.7241,-9.7629,-1.3198,3.7252,2.854,-5.1967,-17.1259,-0.4471,-25.1902,False,
LNKB,"LINKBANCORP, Inc.",2023-02-21,2023-02-21,2023-02-21,8600015,3,3,,"[{""name"": ""Koppenhaver David H"", ""role"": ""Dir"", ""date"": ""2023-02-21"", ""price"": 7.8, ""value"": 800023.0}, {""name"": ""Snyder Kristen"", ""role"": ""Dir"", ""date"": ""2023-02-21"", ""price"": 7.8, ""value"": 299996.0}, {""name"": ""Parmer George"", ""role"": ""Dir"", ""date"": ""2023-02-21"", ""price"": 7.8, ""value"": 7499996.0}]",7.8,253.5,$200M-$500M,6.766836166381836,9.866246223449709,6.362156391143799,-31.4,True,7.183257579803467,8.6,True,True,6.896966934204102,1.58,0.94,-19.63,-16.83,-34.99,-10.79,2023-02-28,2023-03-03,2023-03-23,2023-04-24,2023-05-22,2023-08-21,0.1277,1.8942,-9.0783,-5.2385,-4.8006,-1.2595,1.4523,-0.9542,-10.5517,-11.5915,-30.1894,-9.5305,False,
RILY,"BRC Group Holdings, Inc.",2023-03-10,2023-02-08,2023-03-10,7645648,4,4,,"[{""name"": ""Riley Bryant R"", ""role"": ""COB, Co-CEO, 10%"", ""date"": ""2023-02-08"", ""price"": 40.18, ""value"": 5460788.0}, {""name"": ""Moore Andrew"", ""role"": ""CEO B. Riley Securities, Inc."", ""date"": ""2023-02-08"", ""price"": 38.75, ""value"": 774928.0}, {""name"": ""D Agostino Robert P"", ""role"": ""Dir"", ""date"": ""2023-02-09"", ""price"": 40.59, ""value"": 507396.0}, {""name"": ""Paulson Randall E"", ""role"": ""Dir"", ""date"": ""2023-02-23"", ""price"": 36.85, ""value"": 368495.0}, {""name"": ""Moore Andrew"", ""role"": ""CEO B. Riley Securities, Inc."", ""date"": ""2023-02-24"", ""price"": 36.78, ""value"": 367774.0}, {""name"": ""Moore Andrew"", ""role"": ""CEO B. Riley Securities, Inc."", ""date"": ""2023-03-10"", ""price"": 33.25, ""value"": 166267.0}]",39.53,800.9,$500M-$3B,28.07984733581543,57.9681396484375,27.21218681335449,-51.6,True,39.75130081176758,-0.6,True,False,26.25045394897461,-0.7,0.1,-14.0,30.71,29.85,66.43,2023-03-17,2023-03-20,2023-04-10,2023-05-09,2023-06-08,2023-09-06,-1.2001,0.0808,1.7821,0.4964,8.33,8.0919,0.5001,0.0192,-15.7821,30.2136,21.52,58.3381,False,
RILY,"BRC Group Holdings, Inc.",2023-03-17,2023-02-23,2023-03-17,2211386,4,4,,"[{""name"": ""Paulson Randall E"", ""role"": ""Dir"", ""date"": ""2023-02-23"", ""price"": 36.85, ""value"": 368495.0}, {""name"": ""Moore Andrew"", ""role"": ""CEO B. Riley Securities, Inc."", ""date"": ""2023-02-24"", ""price"": 36.78, ""value"": 367774.0}, {""name"": ""Moore Andrew"", ""role"": ""CEO B. Riley Securities, Inc."", ""date"": ""2023-03-10"", ""price"": 33.25, ""value"": 166267.0}, {""name"": ""Kelleher Thomas J /adv"", ""role"": ""Co-CEO"", ""date"": ""2023-03-15"", ""price"": 31.13, ""value"": 311301.0}, {""name"": ""Paulson Randall E"", ""role"": ""Dir"", ""date"": ""2023-03-15"", ""price"": 30.93, ""value"": 154659.0}, {""name"": ""Antin Robert L"", ""role"": ""Dir"", ""date"": ""2023-03-16"", ""price"": 30.22, ""value"": 543899.0}, {""name"": ""Paulson Randall E"", ""role"": ""Dir"", ""date"": ""2023-03-17"", ""price"": 29.9, ""value"": 298991.0}]",32.52,800.6,$500M-$3B,26.06664276123047,57.9681396484375,26.25045585632324,-55.0,True,38.52214431762695,-15.6,True,False,26.27671432495117,-10.19,-5.63,-1.13,15.62,40.7,55.88,2023-03-24,2023-03-27,2023-04-17,2023-05-16,2023-06-15,2023-09-13,-0.5916,0.5137,3.4533,-0.308,8.7649,6.1711,-9.5984,-6.1437,-4.5833,15.928,31.9351,49.7089,False,
BNL,"Broadstone Net Lease, Inc.",2023-03-17,2023-02-27,2023-03-17,383019,3,3,,"[{""name"": ""Coke Michael A"", ""role"": ""Dir"", ""date"": ""2023-02-27"", ""price"": 17.92, ""value"": 179200.0}, {""name"": ""Moragne John David"", ""role"": ""CEO"", ""date"": ""2023-03-17"", ""price"": 16.72, ""value"": 100019.0}, {""name"": ""Albano Ryan M"", ""role"": ""Pres, COO"", ""date"": ""2023-03-17"", ""price"": 16.74, ""value"": 103800.0}]",17.27,2645.3,$500M-$3B,13.302576065063477,17.480060577392578,11.864829063415527,-23.9,True,14.666330337524414,17.8,True,False,13.51790714263916,-0.88,-1.12,-2.48,-4.94,-1.64,-2.11,2023-03-24,2023-03-27,2023-04-17,2023-05-16,2023-06-15,2023-09-13,-0.5916,0.5137,3.4533,-0.308,8.7649,6.1711,-0.2884,-1.6337,-5.9333,-4.632,-10.4049,-8.2811,False,
ZION,"Zions Bancorporation, National Association",2023-05-04,2023-04-28,2023-05-04,2730977,5,5,,"[{""name"": ""McLean Scott J"", ""role"": ""Pres"", ""date"": ""2023-04-28"", ""price"": 27.44, ""value"": 1015280.0}, {""name"": ""Burdiss Paul E."", ""role"": ""EVP"", ""date"": ""2023-05-01"", ""price"": 27.42, ""value"": 548435.0}, {""name"": ""Simmons Harris H"", ""role"": ""COB, CEO"", ""date"": ""2023-05-03"", ""price"": 24.16, ""value"": 483200.0}, {""name"": ""Huang Claire A"", ""role"": ""Dir"", ""date"": ""2023-05-04"", ""price"": 20.01, ""value"": 480282.0}, {""name"": ""Robinson Rebecca K"", ""role"": ""EVP"", ""date"": ""2023-05-04"", ""price"": 20.38, ""value"": 203780.0}]",24.6,2769.8,$500M-$3B,17.717039108276367,51.5940055847168,20.143911361694336,-65.7,True,29.086875915527344,-15.4,True,False,21.121767044067383,-4.55,2.4,23.0,20.51,56.87,33.65,2023-05-11,2023-05-15,2023-06-05,2023-07-03,2023-08-02,2023-10-31,-0.7911,0.2178,2.9407,7.8645,12.1527,-4.9872,-3.7589,2.1822,20.0593,12.6455,44.7173,38.6372,False,
STEL,"Stellar Bancorp, Inc.",2023-05-04,2023-05-02,2023-05-04,3506088,3,3,,"[{""name"": ""Penland Joe Sr"", ""role"": ""Dir"", ""date"": ""2023-05-02"", ""price"": 21.68, ""value"": 1723792.0}, {""name"": ""Wilson William E Jr"", ""role"": ""Dir"", ""date"": ""2023-05-02"", ""price"": 21.97, ""value"": 449130.0}, {""name"": ""Williams John E Jr"", ""role"": ""Dir"", ""date"": ""2023-05-03"", ""price"": 21.96, ""value"": 988290.0}, {""name"": ""Penland Joe Sr"", ""role"": ""Dir"", ""date"": ""2023-05-04"", ""price"": 20.92, ""value"": 344876.0}]",21.72,1079.7,$500M-$3B,20.25609397888184,33.48271179199219,19.77604866027832,-39.5,True,21.592697143554688,0.6,True,False,21.357378005981445,-6.74,-3.04,7.8,2.81,8.74,-3.12,2023-05-11,2023-05-15,2023-06-05,2023-07-03,2023-08-02,2023-10-31,-0.7911,0.2178,2.9407,7.8645,12.1527,-4.9872,-5.9489,-3.2578,4.8593,-5.0545,-3.4127,1.8672,False,
SFNC,Simmons First National Corporation,2023-05-12,2023-04-28,2023-05-12,587090,3,3,,"[{""name"": ""Massanelli Stephen C"", ""role"": ""EVP"", ""date"": ""2023-04-28"", ""price"": 16.44, ""value"": 164390.0}, {""name"": ""Fehlman Robert A"", ""role"": ""CEO"", ""date"": ""2023-05-01"", ""price"": 16.5, ""value"": 198000.0}, {""name"": ""Brogdon James M"", ""role"": ""Pres, CFO"", ""date"": ""2023-05-12"", ""price"": 14.98, ""value"": 224700.0}]",15.87,1696.0,$500M-$3B,13.284553527832031,21.883575439453125,13.117838859558104,-39.3,True,14.890280723571776,6.6,True,False,13.68817901611328,3.78,7.5,16.99,12.62,24.28,-1.01,2023-05-19,2023-05-22,2023-06-12,2023-07-11,2023-08-10,2023-11-08,0.7321,1.9619,6.569,8.8633,9.3909,-2.1107,3.0479,5.5381,10.421,3.7567,14.8891,1.1007,False,
PRAA,"PRA Group, Inc.",2023-06-02,2023-05-17,2023-06-02,1272900,4,4,,"[{""name"": ""Tabakin Scott M"", ""role"": ""Dir"", ""date"": ""2023-05-17"", ""price"": 19.07, ""value"": 228840.0}, {""name"": ""Paschke Brett Lee"", ""role"": ""Dir"", ""date"": ""2023-05-17"", ""price"": 18.91, ""value"": 141825.0}, {""name"": ""Atal Vikram A"", ""role"": ""Pres, CEO"", ""date"": ""2023-05-18"", ""price"": 18.81, ""value"": 752250.0}, {""name"": ""Connelly Marjorie Mary"", ""role"": ""Dir"", ""date"": ""2023-06-02"", ""price"": 20.2, ""value"": 149985.0}]",19.02,836.6,$500M-$3B,21.100000381469727,42.560001373291016,18.26000022888184,-50.4,False,34.70000076293945,-45.2,True,False,20.920000076293945,10.23,11.76,10.99,12.24,-6.88,-13.05,2023-06-09,2023-06-12,2023-07-03,2023-08-01,2023-08-31,2023-11-29,3.3202,3.7502,4.7832,10.4509,5.3192,0.4109,6.9098,8.0098,6.2068,1.7891,-12.1992,-13.4609,False,
GCO,Genesco Inc.,2023-06-09,2023-05-30,2023-06-09,854718,4,4,,"[{""name"": ""Vaughn Mimi Eckel"", ""role"": ""Board Chair, Pres, CEO"", ""date"": ""2023-05-30"", ""price"": 18.85, ""value"": 188549.0}, {""name"": ""George Thomas"", ""role"": ""SVP-Finance, CFO"", ""date"": ""2023-05-30"", ""price"": 18.56, ""value"": 100275.0}, {""name"": ""Diamond Matthew C"", ""role"": ""Dir"", ""date"": ""2023-06-05"", ""price"": 17.85, ""value"": 312375.0}, {""name"": ""Sandfort Gregory A"", ""role"": ""Dir"", ""date"": ""2023-06-09"", ""price"": 22.05, ""value"": 253519.0}]",19.25,271.5,$200M-$500M,20.989999771118164,65.30999755859375,17.8799991607666,-67.9,False,31.51000022888184,-38.9,True,False,21.440000534057617,8.54,10.12,18.89,34.93,43.14,37.5,2023-06-16,2023-06-20,2023-07-10,2023-08-08,2023-09-07,2023-12-06,0.0753,-0.3606,1.1141,3.9182,-0.7912,-0.4716,8.4647,10.4806,17.7759,31.0118,43.9312,37.9716,False,
HPK,"HighPeak Energy, Inc.",2023-07-19,2023-07-19,2023-07-19,23660931,4,4,,"[{""name"": ""Oldham Larry"", ""role"": ""Dir"", ""date"": ""2023-07-19"", ""price"": 10.5, ""value"": 299250.0}, {""name"": ""Hollis Michael L."", ""role"": ""Pres"", ""date"": ""2023-07-19"", ""price"": 10.5, ""value"": 11996691.0}, {""name"": ""Woodard Rodney L"", ""role"": ""COO"", ""date"": ""2023-07-19"", ""price"": 10.5, ""value"": 1365000.0}, {""name"": ""Hightower Jack"", ""role"": ""CEO, 10%"", ""date"": ""2023-07-19"", ""price"": 10.5, ""value"": 9999990.0}]",10.5,1410.1,$500M-$3B,12.459525108337402,28.86717796325684,10.434610366821287,-56.8,False,13.438071250915527,-21.9,True,False,13.166790962219238,5.81,11.48,4.23,21.03,31.28,-1.97,2023-07-26,2023-07-31,2023-08-18,2023-09-18,2023-10-17,2024-01-16,0.7074,1.8608,-5.3465,-6.505,-9.8979,-1.354,5.1026,9.6192,9.5765,27.535,41.1779,-0.616,False,
RILY,"BRC Group Holdings, Inc.",2023-07-26,2023-07-25,2023-07-26,9599920,4,4,,"[{""name"": ""Riley Bryant R"", ""role"": ""COB, Co-CEO, 10%"", ""date"": ""2023-07-25"", ""price"": 55.0, ""value"": 3999985.0}, {""name"": ""Paulson Randall E"", ""role"": ""Dir"", ""date"": ""2023-07-25"", ""price"": 55.0, ""value"": 275000.0}, {""name"": ""Moore Andrew"", ""role"": ""CEO B. Riley Securities, Inc."", ""date"": ""2023-07-25"", ""price"": 55.0, ""value"": 275000.0}, {""name"": ""Riley Bryant R"", ""role"": ""COB, Co-CEO, 10%"", ""date"": ""2023-07-26"", ""price"": 55.0, ""value"": 3999985.0}, {""name"": ""Paulson Randall E"", ""role"": ""Dir"", ""date"": ""2023-07-26"", ""price"": 55.0, ""value"": 275000.0}, {""name"": ""Moore Andrew"", ""role"": ""CEO B. Riley Securities, Inc."", ""date"": ""2023-07-26"", ""price"": 55.0, ""value"": 275000.0}, {""name"": ""Kelleher Thomas J /Adv"", ""role"": ""Co-CEO"", ""date"": ""2023-07-26"", ""price"": 55.0, ""value"": 499950.0}]",55.0,1499.8,$500M-$3B,53.30604553222656,52.77415466308594,22.119007110595703,1.0,False,52.77415466308594,4.2,True,False,50.62856674194336,-4.72,-1.44,-18.08,-23.49,-30.6,-62.59,2023-08-02,2023-08-07,2023-08-25,2023-09-25,2023-10-24,2024-01-22,0.6137,0.196,-5.1155,-8.488,-13.7524,2.2001,-5.3337,-1.636,-12.9645,-15.002,-16.8476,-64.7901,False,
SABR,Sabre Corporation,2023-08-09,2023-08-08,2023-08-09,936038,3,3,,"[{""name"": ""Ekert Kurt Joseph"", ""role"": ""CEO, Pres"", ""date"": ""2023-08-08"", ""price"": 5.34, ""value"": 534000.0}, {""name"": ""Bruder Ann J."", ""role"": ""EVP, GC"", ""date"": ""2023-08-08"", ""price"": 5.33, ""value"": 133230.0}, {""name"": ""Randolfi Michael O"", ""role"": ""EVP, CFO"", ""date"": ""2023-08-09"", ""price"": 5.38, ""value"": 268808.0}]",5.35,1690.2,$500M-$3B,5.090000152587891,8.149999618530273,3.069999933242798,-37.5,False,4.889999866485596,9.4,True,False,5.440000057220459,-2.94,-4.23,-7.54,-29.78,-38.51,-25.92,2023-08-16,2023-08-21,2023-09-08,2023-10-09,2023-11-07,2024-02-05,-2.5587,-3.3242,-3.5654,-8.3386,-9.5502,1.4827,-0.3813,-0.9058,-3.9746,-21.4414,-28.9598,-27.4027,False,
EMBC,Embecta Corp.,2023-08-10,2023-08-10,2023-08-10,311094,3,3,,"[{""name"": ""Kurdikar Devdatt"", ""role"": ""Pres, CEO"", ""date"": ""2023-08-10"", ""price"": 21.81, ""value"": 109050.0}, {""name"": ""Mann Jeffrey Z"", ""role"": ""SVP, GC, Head Corp. Dev., Secy"", ""date"": ""2023-08-10"", ""price"": 21.67, ""value"": 101849.0}, {""name"": ""Elguicze Jacob"", ""role"": ""SVP, CFO"", ""date"": ""2023-08-10"", ""price"": 21.66, ""value"": 100195.0}]",21.72,1058.7,$500M-$3B,18.478252410888672,30.99327087402344,17.528602600097656,-40.4,True,19.676410675048828,10.4,True,False,18.48712730407715,-10.95,-17.57,-21.71,-28.87,-25.68,-15.06,2023-08-17,2023-08-21,2023-09-11,2023-10-09,2023-11-08,2024-02-06,-3.8431,-3.4609,-3.4714,-8.4682,-10.6407,2.2527,-7.1069,-14.1091,-18.2386,-20.4018,-15.0393,-17.3127,False,
SKIN,SkinHealth Systems Inc.,2023-08-17,2023-08-16,2023-08-17,1218250,5,5,,"[{""name"": ""Few Julius"", ""role"": ""Dir"", ""date"": ""2023-08-16"", ""price"": 6.1, ""value"": 124792.0}, {""name"": ""Schillinger Doug K."", ""role"": ""Dir"", ""date"": ""2023-08-16"", ""price"": 6.11, ""value"": 201538.0}, {""name"": ""Saunders Brent L"", ""role"": ""Chairman"", ""date"": ""2023-08-16"", ""price"": 6.1, ""value"": 362372.0}, {""name"": ""Miller Brian Christopher"", ""role"": ""Dir"", ""date"": ""2023-08-17"", ""price"": 5.81, ""value"": 348600.0}, {""name"": ""Capellas Michael D"", ""role"": ""Dir"", ""date"": ""2023-08-17"", ""price"": 6.03, ""value"": 180948.0}]",6.01,766.7,$500M-$3B,5.78000020980835,13.699999809265137,6.03000020980835,-57.8,True,7.800000190734863,-22.9,True,False,6.420000076293945,-5.3,-5.3,-4.21,-20.25,-70.4,-54.75,2023-08-24,2023-08-28,2023-09-18,2023-10-16,2023-11-15,2024-02-13,-0.7744,0.5361,-1.2239,-5.8586,-2.73,6.2769,-4.5256,-5.8361,-2.9861,-14.3914,-67.67,-61.0269,False,
MRCY,"Mercury Systems, Inc.",2023-08-18,2023-08-18,2023-08-18,2427485,3,3,,"[{""name"": ""Krone Roger A"", ""role"": ""Dir"", ""date"": ""2023-08-18"", ""price"": 38.5, ""value"": 577524.0}, {""name"": ""Lance Howard L"", ""role"": ""Dir"", ""date"": ""2023-08-18"", ""price"": 37.83, ""value"": 349963.0}, {""name"": ""Ballhaus William L"", ""role"": ""Pres, CEO"", ""date"": ""2023-08-18"", ""price"": 37.57, ""value"": 1499998.0}]",37.82,2183.9,$500M-$3B,37.52999877929688,56.18999862670898,31.5,-33.2,False,38.18000030517578,-0.9,True,False,38.0099983215332,3.45,6.24,2.5,1.71,-9.89,-19.63,2023-08-25,2023-08-28,2023-09-18,2023-10-17,2023-11-16,2024-02-14,-0.2061,0.6834,-1.0793,-4.6691,-4.1623,8.9045,3.6561,5.5566,3.5793,6.3791,-5.7277,-28.5345,False,
FWRD,Forward Air Corporation,2023-08-18,2023-08-17,2023-08-18,1906785,6,6,,"[{""name"": ""Allen Ronald W"", ""role"": ""Dir"", ""date"": ""2023-08-17"", ""price"": 64.06, ""value"": 128120.0}, {""name"": ""Nayak Chitra"", ""role"": ""Dir"", ""date"": ""2023-08-17"", ""price"": 63.76, ""value"": 102016.0}, {""name"": ""Schmitt Thomas"", ""role"": ""Pres, CEO"", ""date"": ""2023-08-17"", ""price"": 62.7, ""value"": 1006335.0}, {""name"": ""Tucker Laurie Anne"", ""role"": ""Dir"", ""date"": ""2023-08-17"", ""price"": 61.23, ""value"": 244920.0}, {""name"": ""Carlock Craig"", ""role"": ""Dir"", ""date"": ""2023-08-18"", ""price"": 64.84, ""value"": 103744.0}, {""name"": ""Campbell C Robert"", ""role"": ""Dir"", ""date"": ""2023-08-18"", ""price"": 64.33, ""value"": 321650.0}]",63.03,1670.3,$500M-$3B,64.34384155273438,119.1356964111328,63.17811965942383,-46.0,True,110.25016021728516,-42.8,True,False,64.92172241210938,9.28,8.79,6.31,18.6,-0.61,-36.62,2023-08-25,2023-08-28,2023-09-18,2023-10-17,2023-11-16,2024-02-14,-0.2061,0.6834,-1.0793,-4.6691,-4.1623,8.9045,9.4861,8.1066,7.3893,23.2691,3.5523,-45.5245,False,
HASI,"HA Sustainable Infrastructure Capital, Inc.",2023-08-21,2023-08-18,2023-08-21,527000,4,4,,"[{""name"": ""Chuslo Steven"", ""role"": ""EVP, GC"", ""date"": ""2023-08-18"", ""price"": 20.93, ""value"": 104650.0}, {""name"": ""McMahon Daniel K."", ""role"": ""EVP"", ""date"": ""2023-08-18"", ""price"": 21.19, ""value"": 211850.0}, {""name"": ""Rose Nathaniel"", ""role"": ""EVP, CIO"", ""date"": ""2023-08-18"", ""price"": 21.01, ""value"": 105050.0}, {""name"": ""Pangburn Marc T."", ""role"": ""CFO"", ""date"": ""2023-08-21"", ""price"": 21.09, ""value"": 105450.0}]",21.08,1802.1,$500M-$3B,16.610198974609375,34.328643798828125,17.198545455932617,-51.6,True,20.1573429107666,4.6,True,False,17.556669235229492,-1.07,8.65,16.32,-13.81,20.14,30.33,2023-08-28,2023-08-31,2023-09-20,2023-10-20,2023-11-20,2024-02-20,0.9846,2.6002,-2.1596,-9.0349,-1.9901,9.0932,-2.0546,6.0498,18.4796,-4.7751,22.1301,21.2368,False,
BHVN,Biohaven Ltd.,2023-10-05,2023-10-04,2023-10-05,20902068,4,4,,"[{""name"": ""Bailey Gregory"", ""role"": ""Dir"", ""date"": ""2023-10-04"", ""price"": 22.57, ""value"": 402094.0}, {""name"": ""Childs John W"", ""role"": ""Dir"", ""date"": ""2023-10-05"", ""price"": 22.0, ""value"": 9999990.0}, {""name"": ""Coric Vlad"", ""role"": ""CEO"", ""date"": ""2023-10-05"", ""price"": 22.0, ""value"": 9999990.0}, {""name"": ""Buten Matthew"", ""role"": ""CFO"", ""date"": ""2023-10-05"", ""price"": 22.0, ""value"": 499994.0}]",22.01,1934.0,$500M-$3B,24.149999618530277,26.40999984741211,8.300000190734863,-8.6,False,26.01000022888184,-15.4,True,False,24.020000457763672,8.78,14.03,20.11,41.3,67.32,111.45,2023-10-12,2023-10-16,2023-11-06,2023-12-04,2024-01-03,2024-04-02,-0.7514,0.0116,-0.3988,8.0289,12.6659,18.9369,9.5314,14.0184,20.5088,33.2711,54.6541,92.5131,False,
CFFN,"Capitol Federal Financial, Inc.",2023-10-27,2023-10-27,2023-10-27,312179,3,3,,"[{""name"": ""Ricketts Carlton A."", ""role"": ""Dir"", ""date"": ""2023-10-27"", ""price"": 5.2, ""value"": 104000.0}, {""name"": ""Jackson Rick C"", ""role"": ""EVP"", ""date"": ""2023-10-27"", ""price"": 5.13, ""value"": 102600.0}, {""name"": ""Morris James G."", ""role"": ""Dir"", ""date"": ""2023-10-27"", ""price"": 5.03, ""value"": 105579.0}]",5.12,570.1,$500M-$3B,4.194081783294678,7.284911155700684,3.6144118309021,-42.4,False,4.262277603149414,20.1,True,False,4.304901123046875,11.36,12.36,4.91,36.33,28.88,5.73,2023-11-03,2023-11-06,2023-11-27,2023-12-26,2024-01-25,2024-04-24,6.9769,5.6404,9.5764,25.5891,20.5864,21.9475,4.3831,6.7196,-4.6664,10.7409,8.2936,-16.2175,False,
TBI,"TrueBlue, Inc.",2023-11-06,2023-10-26,2023-11-06,322660,3,3,,"[{""name"": ""Owen Taryn R"", ""role"": ""CEO, Pres"", ""date"": ""2023-10-26"", ""price"": 11.06, ""value"": 110600.0}, {""name"": ""Kreidler Robert C."", ""role"": ""Dir"", ""date"": ""2023-10-31"", ""price"": 11.07, ""value"": 110700.0}, {""name"": ""Lontoh Sonita"", ""role"": ""Dir"", ""date"": ""2023-11-06"", ""price"": 12.67, ""value"": 101360.0}]",11.52,397.3,$200M-$500M,12.760000228881836,21.63999938964844,10.6899995803833,-41.0,False,14.75,-21.9,True,False,12.470000267028809,2.65,7.54,14.68,15.24,6.01,-15.08,2023-11-13,2023-11-16,2023-12-06,2024-01-05,2024-02-05,2024-05-06,-1.4735,2.4345,7.1986,12.9636,12.1979,19.8492,4.1235,5.1055,7.4814,2.2764,-6.1879,-34.9292,False,
B,B,2023-11-07,2023-10-31,2023-11-07,3862484,3,3,,"[{""name"": ""Hook Thomas J"", ""role"": ""Pres, CEO"", ""date"": ""2023-10-31"", ""price"": 20.98, ""value"": 2621980.0}, {""name"": ""Knoll Jay B"", ""role"": ""SVP, Gen. Counsel, Secretary"", ""date"": ""2023-11-03"", ""price"": 22.6, ""value"": 101689.0}, {""name"": ""Manner Hans-Peter"", ""role"": ""Dir"", ""date"": ""2023-11-07"", ""price"": 22.78, ""value"": 1138815.0}]",21.52,752.6,$500M-$3B,14.865036964416504,19.0391845703125,13.023332595825195,-21.9,True,15.930866241455078,35.1,True,False,14.30854034423828,3.56,3.56,14.17,17.28,0.58,11.29,2023-11-14,2023-11-17,2023-12-07,2024-01-08,2024-02-05,2024-05-06,5.0568,4.9567,9.1364,16.2367,13.4066,21.1403,-1.4968,-1.3967,5.0336,1.0433,-12.8266,-9.8503,False,
RILY,"BRC Group Holdings, Inc.",2023-11-17,2023-11-10,2023-11-17,962285,3,3,,"[{""name"": ""Antin Robert L"", ""role"": ""Dir"", ""date"": ""2023-11-10"", ""price"": 25.75, ""value"": 643850.0}, {""name"": ""D Agostino Robert P"", ""role"": ""Dir"", ""date"": ""2023-11-17"", ""price"": 21.23, ""value"": 106143.0}, {""name"": ""Paulson Randall E"", ""role"": ""Dir"", ""date"": ""2023-11-17"", ""price"": 21.23, ""value"": 212292.0}]",24.05,643.8,$500M-$3B,21.0495662689209,53.3060417175293,20.22313690185547,-60.5,True,38.18598556518555,-37.0,True,False,23.99477195739746,-15.96,-23.1,-13.92,-7.14,-29.08,31.93,2023-11-24,2023-11-27,2023-12-18,2024-01-16,2024-02-15,2024-05-15,0.0,-0.3346,9.9147,6.8085,14.4201,17.5161,-15.96,-22.7654,-23.8347,-13.9485,-43.5001,14.4139,False,
RILY,"BRC Group Holdings, Inc.",2023-12-15,2023-11-17,2023-12-15,722827,3,3,,"[{""name"": ""D Agostino Robert P"", ""role"": ""Dir"", ""date"": ""2023-11-17"", ""price"": 21.23, ""value"": 106143.0}, {""name"": ""Paulson Randall E"", ""role"": ""Dir"", ""date"": ""2023-11-17"", ""price"": 21.23, ""value"": 212292.0}, {""name"": ""Kelleher Thomas J /Adv"", ""role"": ""Co-CEO"", ""date"": ""2023-12-15"", ""price"": 20.22, ""value"": 404392.0}]",20.65,602.0,$500M-$3B,19.682836532592773,53.3060417175293,17.228496551513672,-63.1,True,31.95641326904297,-35.4,True,False,20.65494537353516,-6.29,-9.97,7.88,-12.72,-16.31,11.35,2023-12-22,2023-12-26,2024-01-16,2024-02-13,2024-03-14,2024-06-12,2.5918,3.9259,-2.826,-0.9063,2.8718,4.2861,-8.8818,-13.8959,10.706,-11.8137,-19.1818,7.0639,False,
